{
    "axes": {
        "axis_0": 0.01153564453125,
        "axis_1": -0.012969970703125,
        "axis_2": -0.000274658203125,
        "axis_3": 0.00592041015625,
        "axis_4": -1.0,
        "axis_5": -1.0
    },
    "buttons": {
        "button_0": 0,
        "button_1": 0,
        "button_2": 0,
        "button_3": 0,
        "button_4": 0,
        "button_5": 0,
        "button_6": 0,
        "button_7": 0,
        "button_8": 0,
        "button_9": 0,
        "button_10": 0,
        "button_11": 0,
        "button_12": 0,
        "button_13": 0,
        "button_14": 0,
        "button_15": 0
    },
    "hats": {
        "hat_0": [
            0,
            0
        ]
    }
}